<?xml version="1.0"?>
<doc>
    <assembly>
        <name>DynamoSAP</name>
    </assembly>
    <members>
        <member name="T:DynamoSAP.Analysis.Analysis">
            <summary>
            Nodes to Run analysis and get and visualize results
            </summary>
        </member>
        <member name="M:DynamoSAP.Analysis.Analysis.Run(System.Boolean)">
            <summary>
            Run analysis in an open instance of SAP2000
            </summary>
            <param name="Run">Set Boolean to True to run the analysis</param>
            <returns name ="Structural Model"> Structural Model that has been analyzed</returns>
            <returns name ="Load Cases"> Load Cases in the project</returns>
            <returns name ="Load Patterns"> Load Patterns in the project</returns>
            <returns name ="Filepath"> Filepath where the SAP2000 model is saved</returns>
        </member>
        <member name="M:DynamoSAP.Analysis.Analysis.Run(System.String,System.Boolean)">
            <summary>
            Run analysis from an existing SAP2000 project. 
            </summary>
            <param name="FilePath">Filepath of the file to read from</param>
            <param name="Run">Set Boolean to True to run the analysis</param>
            <returns name ="Structural Model"> Structural Model that has been analyzed</returns>
            <returns name ="Load Cases"> Load Cases in the project</returns>
            <returns name ="Load Patterns"> Load Patterns in the project</returns>
        </member>
        <member name="M:DynamoSAP.Analysis.Analysis.GetResults(System.String,System.Boolean)">
            <summary>
            Get the results from the analysis run with the Analysis.Run component
            </summary>
            <param name="LCaseOrLPattern">Choose a load case, load pattern or load combination</param>
            <param name="Get">Set Boolean to True to get the specified case;s analysis results </param>
            <returns></returns>
        </member>
        <member name="M:DynamoSAP.Analysis.Analysis.DecomposeResults(DynamoSAP.Assembly.StructuralModel,DynamoSAP.Analysis.Analysis,System.String)">
            <summary>
            Decompose forces and moments in the model for a specific case
            </summary>
            <param name="StructuralModel">Structural model to get results from</param>
            <param name="AnalysisResults">Use Analysis.Run and Analysis.GetResults to select a specific case to decompose</param>
            <param name="ForceType">Use Force Type dropdown</param>
            <returns>Numerical values of forces and moments for each station in each structural member in the model </returns>
        </member>
        <member name="M:DynamoSAP.Analysis.Analysis.VisualizeResults(DynamoSAP.Assembly.StructuralModel,DynamoSAP.Analysis.Analysis,System.String,System.Boolean,System.Double)">
            <summary>
            Visualize forces and moments in the model for a specific case
            </summary>
            <param name="StructuralModel">Structural model to visualize results on</param>
            <param name="AnalysisResults">Use Analysis.Run and Analysis.GetResults to select a specific case to decompose</param>
            <param name="ForceType">Use Force Type dropdown</param>
            <param name="Scale">Scale of the visualization</param>
            <param name="Visualize">Set Boolean to True to draw the meshes</param>
            <returns>Forces and moments  in the form of meshes for each station in each structural member in the model</returns>
            
        </member>
        <member name="P:DynamoSAP.Analysis.Analysis.FrameResults">
            <summary>
            Analysis results for each frame
            </summary>
        </member>
        <member name="P:DynamoSAP.Analysis.Analysis.LCaseOrLPatternRun">
            <summary>
            Load combination (load case or load pattern) of the analysis results
            </summary>
        </member>
        <member name="M:DynamoSAP.Assembly.Read.SAPModel(System.String,System.Boolean)">
            <summary>
            Read a SAP project from a filepath
            </summary>
            <param name="FilePath">Filepath of the project to read</param>
            <param name="read">Set Boolean to True to open and readthe project</param>
            <returns>Structural Model</returns>
        </member>
        <member name="M:DynamoSAP.Assembly.Read.SAPModel(System.Boolean)">
            <summary>
            Read a SAP project from an open instance
            </summary>
            <param name="read">Set Boolean to True to read the open project</param>
            <returns>Structural Model</returns>
        </member>
        <member name="T:DynamoSAP.Structure.Load">
            <summary>
            Load
            </summary>
        </member>
        <member name="M:DynamoSAP.Structure.Load.Decompose(DynamoSAP.Structure.Load)">
            <summary>
            Decompose a Load
            </summary>
            <param name="Load">Load to decompose</param>
            <returns>Load Type, Load Pattern, Force or Moment, Direction, Distance 1, Distance 2, Value 1, Value 2, Coordinate System, Relative Distance</returns>
        </member>
        <member name="M:DynamoSAP.Structure.Load.PointLoadOnFrame(DynamoSAP.Structure.LoadPattern,System.Int32,System.Int32,System.Double,System.Double,System.String,System.Boolean,System.Boolean)">
            <summary>
            This function assigns loads to frame objects.
            Parameters description below as presented in the SAP CSi OAPI Documentation
            </summary>
            <param name="LoadPattern">The name of a defined load pattern.</param>
            <param name="ForceMomentType">This is 1 or 2, indicating the type of point load.
            1 = Force
            2 = Moment</param>
            <param name="Direction">This is an integer between 1 and 11, indicating the direction of the load.
            1 = Local 1 axis (only applies when CSys is Local)
            2 = Local 2 axis (only applies when CSys is Local)
            3 = Local 3 axis (only applies when CSys is Local)
            4 = X direction (does not apply when CSys is Local)
            5 = Y direction (does not apply when CSys is Local)
            6 = Z direction (does not apply when CSys is Local)
            7 = Projected X direction (does not apply when CSys is Local)
            8 = Projected Y direction (does not apply when CSys is Local)
            9 = Projected Z direction (does not apply when CSys is Local)
            10 = Gravity direction (only applies when CSys is Global)
            11 = Projected Gravity direction (only applies when CSys is Global)
            The positive gravity direction (see Dir = 10 and 11) is in the negative Global Z direction.</param>
            <param name="Distance">This is the distance from the I-End of the frame object to the load location. 
            This may be a relative distance (0 less or equal to Dist less or equal to 1) or an actual distance, 
            depending on the value of the RelDist item. [L] when RelDist is False</param>
            <param name="Value">This is the value of the point load. [F] when MyType is 1 and [FL] when MyType is 2</param>
            <param name="CoordSystem">This is Local or the name of a defined coordinate system. 
            It is the coordinate system in which the loads are specified.</param>
            <param name="RelativeDistance">If this item is True, the specified Dist item is a relative distance, 
            otherwise it is an actual distance.</param>
            <param name="Replace">If this item is True, all previous loads, if any, assigned to the specified frame object(s), 
            in the specified load pattern, are deleted before making the new assignment.</param>
            <returns>Load at a point along a Frame</returns>
        </member>
        <member name="M:DynamoSAP.Structure.Load.DistributedLoadOnFrame(DynamoSAP.Structure.LoadPattern,System.Int32,System.Int32,System.Double,System.Double,System.Double,System.Double,System.String,System.Boolean)">
             <summary>
             This function assigns distributed loads to frame objects.
             Parameters description below as presented in the SAP CSi OAPI Documentation
             </summary>
             <param name="LoadPattern">The name of a defined load pattern</param>
             <param name="ForceMomentType">This is 1 or 2, indicating the type of distributed load.
             1 = Force per unit length
             2 = Moment per unit length</param>
            <param name="Direction">This is an integer between 1 and 11, indicating the direction of the load.
             1 = Local 1 axis (only applies when CSys is Local)
             2 = Local 2 axis (only applies when CSys is Local)
             3 = Local 3 axis (only applies when CSys is Local)
             4 = X direction (does not apply when CSys is Local)
             5 = Y direction (does not apply when CSys is Local)
             6 = Z direction (does not apply when CSys is Local)
             7 = Projected X direction (does not apply when CSys is Local)
             8 = Projected Y direction (does not apply when CSys is Local)
             9 = Projected Z direction (does not apply when CSys is Local)
             10 = Gravity direction (only applies when CSys is Global)
             11 = Projected Gravity direction (only applies when CSys is Global)
             The positive gravity direction (see Dir = 10 and 11) is in the negative Global Z direction.</param>
             <param name="Distance">This is the distance from the I-End of the frame object to the load location. 
             This may be a relative distance (0 less or equal to Dist less or equal to 1) or an actual distance, 
             depending on the value of the RelDist item. [L] when RelDist is False</param>
             <param name="Distance2">This is the distance from the I-End of the frame object to the load location. 
             This may be a relative distance (0 less or equal to Dist2 less or equal to 1) or an actual distance, 
             depending on the value of the RelDist item. [L] when RelDist is False</param>
             <param name="Value">This is the load value at the start of the distributed load. [F] when MyType is 1 and [FL] when MyType is 2</param>
             <param name="Value2">This is the load value at the end of the distributed load. [F] when MyType is 1 and [FL] when MyType is 2</param>
             <param name="CoordSystem">This is Local or the name of a defined coordinate system. It is the coordinate system in which the loads are specified.</param>
             <param name="RelativeDistance">If this item is True, the specified Dist item is a relative distance, otherwise it is an actual distance.</param>
             <returns></returns>
        </member>
        <member name="M:DynamoSAP.Structure.LoadCase.SetLoadCase(System.String,System.Collections.Generic.List{DynamoSAP.Structure.LoadPattern},System.Collections.Generic.List{System.Double},System.String)">
            <summary>
            Set a Load Case
            </summary>
            <param name="Name">Name of the Load Case</param>
            <param name="LoadPatterns">Load Patterns</param>
            <param name="ScaleFactors">Scale factor of each load assigned to the load case</param>
            <param name="Type"> Type of Load Case. Use the  Load Case Type Dropdown</param>
            <returns>New Load Case</returns>
        </member>
        <member name="M:DynamoSAP.Structure.LoadCase.Decompose(DynamoSAP.Structure.LoadCase)">
            <summary>
            Decompose a Load Case
            </summary>
            <param name="LoadCase">Load case to decompose</param>
            <returns>Name, Type, Load Patterns and Scale Factors of the Load Case</returns>
        </member>
        <member name="M:DynamoSAP.Structure.LoadPattern.SetLoadPattern(System.String,System.String,System.Double)">
            <summary>
            Create a Load Pattern
            </summary>
            <param name="Name">The name for the new load pattern</param>
            <param name="LType">Load Pattern Type. Use the Load Pattern Type Dropdown</param>
            <param name="Multiplier">The self weight multiplier for the new load pattern.</param>
            <returns>Load Pattern</returns>
        </member>
        <member name="M:DynamoSAP.Structure.LoadPattern.Decompose(DynamoSAP.Structure.LoadPattern)">
            <summary>
            Decompose a Load Pattern
            </summary>
            <param name="LoadPattern">Load Pattern to Decompose</param>
            <returns>Name, Type and Multiplier of the Load Pattern</returns>
        </member>
        <member name="M:DynamoSAP.Structure.Release.Set(System.Boolean,System.Boolean,System.Boolean,System.Boolean,System.Boolean,System.Boolean,System.Boolean,System.Boolean,System.Boolean,System.Boolean,System.Boolean,System.Boolean)">
            <summary>
            Set a Release
            </summary>
            <param name="iP">P Start bool value</param>
            <param name="jP">P End bool value</param>
            <param name="iV2">V2 Start bool value</param>
            <param name="jV2">V2 End bool value</param>
            <param name="iV3">V3 Start bool value</param>
            <param name="jV3">V3 End bool value</param>
            <param name="iT">T Start bool value</param>
            <param name="jT">T End bool value</param>
            <param name="iM2">M2 Start bool value</param>
            <param name="jM2">M2 End bool value</param>
            <param name="iM3">M3 Start bool value</param>
            <param name="jM3">M3 End bool value</param>
            <returns>Release</returns>
        </member>
        <member name="M:DynamoSAP.Structure.Release.Decompose(DynamoSAP.Structure.Release)">
            <summary>
            Decompose a Release
            </summary>
            <param name="release">Release to decompose</param>
            <returns>End releases</returns>
        </member>
        <member name="M:DynamoSAP.Structure.Restraint.SetRestraint(Autodesk.DesignScript.Geometry.Point,System.Boolean,System.Boolean,System.Boolean,System.Boolean,System.Boolean,System.Boolean)">
            <summary>
            Set a Restraint on a node
            </summary>
            <param name="Point">Point to set the Restraint on</param>
            <param name="Tx">Translation X</param>
            <param name="Ty">Translation Y</param>
            <param name="Tz">Translation Z</param>
            <param name="Rx">Rotation X</param>
            <param name="Ry">Rotation Y</param>
            <param name="Rz">Rotation Z</param>
            <returns>Restraint</returns>
        </member>
        <member name="M:DynamoSAP.Structure.Restraint.Fixed(Autodesk.DesignScript.Geometry.Point)">
            <summary>
            Create a Fixed node
            </summary>
            <param name="Point">Point to set a Fixed Restraint</param>
            <returns>Fixed Restraint</returns>
        </member>
        <member name="M:DynamoSAP.Structure.Restraint.Pinned(Autodesk.DesignScript.Geometry.Point)">
            <summary>
            Create a Pinned node
            </summary>
            <param name="Point">Point to set a Pinned Restraint</param>
            <returns>Pinned Restraint</returns>
        </member>
        <member name="M:DynamoSAP.Structure.Restraint.Roller(Autodesk.DesignScript.Geometry.Point)">
            <summary>
            Create a Roller
            </summary>
            <param name="Point">Point to set a Roller</param>
            <returns>Roller</returns>
        </member>
        <member name="M:DynamoSAP.Structure.Restraint.Simple(Autodesk.DesignScript.Geometry.Point)">
            <summary>
            Create a Simple Restraint
            </summary>
            <param name="Point">Point to set a simple restraint</param>
            <returns>Simple Restraint</returns>
        </member>
        <member name="M:DynamoSAP.Structure.Restraint.Decompose(DynamoSAP.Structure.Restraint)">
            <summary>
            Decompose a Restraint
            </summary>
            <param name="restraint">Restraint to decompose</param>
            <returns>Node point, U1, U2, U3, R1, R2 and R3 </returns>
        </member>
        <member name="T:DynamoSAP.Assembly.Bake">
            <summary>
            Create a structural model in SAP
            </summary>
        </member>
        <member name="M:DynamoSAP.Assembly.Bake.ToSAP(DynamoSAP.Assembly.StructuralModel,System.Boolean,System.String)">
            <summary>
            Create SAP2000 model from Dynamo Structural Model
            </summary>
            <param name="StructuralModel">Structural Model to bake</param>
            <param name="Units">Set Units of SapModel</param>
            <param name="Bake">Set Boolean to True to bake the model</param>
            <returns>Structural Model</returns>
        </member>
        <member name="M:DynamoSAP.Assembly.StructuralModel.Collector(System.Collections.Generic.List{DynamoSAP.Structure.Element})">
            <summary>
            Collects Structural Elements into a Structural Model
            </summary>
            <param name="StructuralElements">Structural elements in the project. Please, input as a flat list</param>
            <returns>Structural Model consisting of the structural elements provided</returns>
        </member>
        <member name="M:DynamoSAP.Assembly.StructuralModel.Collector(System.Collections.Generic.List{DynamoSAP.Structure.Element},System.Collections.Generic.List{DynamoSAP.Structure.LoadPattern},System.Collections.Generic.List{DynamoSAP.Structure.LoadCase},System.Collections.Generic.List{DynamoSAP.Structure.Restraint})">
            <summary>
            Collects Structural Elements, Load Patterns, Load Cases and Restraints into a Structural Model
            </summary>
            <param name="StructuralElements">Structural elements in the project. Please, input as a flat list</param>
            <param name="LoadPatterns">Load Patterns in the project. Please, input as a flat list</param>
            <param name="LoadCases">Load Cases in the project. Please, input as a flat list</param>
            <param name="Restraints">Restraints in the project. Please, input as a flat list</param>
            <returns>Structural Model consisting of all the elements provided</returns>
        </member>
        <member name="M:DynamoSAP.Assembly.StructuralModel.Decompose(DynamoSAP.Assembly.StructuralModel)">
            <summary>
            Decomposes a Structural Model into its geometry and structural settings
            </summary>
            <param name="structuralModel">Structural Model to decompose </param>
            <returns>Structural Elements, Load Patterns, Load Cases and Restraints of the project </returns>
        </member>
        <member name="P:DynamoSAP.Structure.Element.GUID">
            <summary>
            GUID of an element
            </summary>
        </member>
        <member name="P:DynamoSAP.Structure.Element.Label">
            <summary>
            SAP2000 Label of an object
            </summary>
        </member>
        <member name="M:DynamoSAP.Structure.Frame.ToString">
            <summary>
            Type of the structural element
            </summary>
            <returns></returns>
        </member>
        <member name="M:DynamoSAP.Structure.Frame.FromLine(Autodesk.DesignScript.Geometry.Line,DynamoSAP.Structure.SectionProp,System.String,System.Double)">
            <summary>
            Create a Frame from a line
            </summary>
            <param name="Line">Line to create a frame</param>
            <param name="SectionProp">Section properties of the frame</param>
            <param name="Justification">Justification of the frame</param>
            <param name="Rotation">Angle rotation of the frame</param>
            <returns>Frame with all the properties set up by the inputs</returns>
        </member>
        <member name="M:DynamoSAP.Structure.Frame.FromEndPoints(Autodesk.DesignScript.Geometry.Point,Autodesk.DesignScript.Geometry.Point,DynamoSAP.Structure.SectionProp,System.String,System.Double)">
            <summary>
            Create a Frame from the end points
            </summary>
            <param name="i">Start Point</param>
            <param name="j">End Point</param>
            <param name="SectionProp">Section properties of the frame</param>
            <param name="Justification">Justification of the frame</param>
            <param name="Rotation">Angle rotation of the frame</param>
            <returns>Frame with all the properties set up by the inputs</returns>
        </member>
        <member name="M:DynamoSAP.Structure.Frame.SetReleases(DynamoSAP.Structure.Frame,DynamoSAP.Structure.Release)">
            <summary>
            Set the Releases of a frame
            </summary>
            <param name="Frame">Frame to set up releases of</param>
            <param name="Release">Use the Release node</param>
            <returns>The frame with the new releases</returns>
        </member>
        <member name="M:DynamoSAP.Structure.Frame.SetLoad(DynamoSAP.Structure.Frame,DynamoSAP.Structure.Load,System.Boolean)">
            <summary>
            Set a Load on a Frame
            </summary>
            <param name="Frame">Frame to set up loads on</param>
            <param name="Load">Load to apply to the frame</param>
            <param name="replaceExisting">Set Boolean to True to replace existing Loads on the Frame</param>
            <returns>The frame with the new loads(and the previous ones, if it applies)</returns>
        </member>
        <member name="M:DynamoSAP.Structure.Frame.DisplayReleases(DynamoSAP.Structure.Frame,System.Double)">
            <summary>
            Display the Releases of a Frame
            </summary>
            <param name="frame">Frame to display the releases on (if any)</param>
            <param name="radius">Radius of the spheres </param>
            <returns>Spheres representing the Releases</returns>
        </member>
        <member name="M:DynamoSAP.Structure.Frame.DisplayLoads(DynamoSAP.Assembly.StructuralModel,System.String,System.Double,System.Boolean,System.Double)">
            <summary>
            Display the Loads on a Frame
            </summary>
            <param name="Frame">Frame to display Loads on</param>
            <param name="LPattern">Load Pattern to display</param>
            <param name="Size">Size of the arrows</param>
            <param name="ShowValues">Set Boolean to True to show the tags of the numeric values</param>
            <param name="TextSize">Size of the tags</param>
            <returns>Arrows and tags representing the loads</returns>
        </member>
        <member name="M:DynamoSAP.Structure.Frame.Decompose(DynamoSAP.Structure.Frame)">
            <summary>
            Decompose a Frame into its geometry and settings
            </summary>
            <param name="Frame">Frame to decompose</param>
            <returns>Base Curve, Section Properties, Justification, Angle Roation, Loads and Releases of a Frame</returns>
        </member>
        <member name="P:DynamoSAP.Structure.Frame.BaseCurve">
            <summary>
            Curve representing the frame
            </summary>
        </member>
        <member name="M:DynamoSAP.Structure.SectionProp.Sections(System.String)">
            <summary>
            Returns the Section Names of a selected catalog
            </summary>
            <param name="catalog">Catalog to read</param>
            <returns>Section Names</returns>
        </member>
        <member name="M:DynamoSAP.Structure.SectionProp.Define(System.String,System.String,System.String)">
            <summary>
            Define a Section property
            </summary>
            <param name="Name">Name of the section property</param>
            <param name="Material">Material of the section</param>
            <param name="SectionCatalog">Section Catalog</param>
            <returns>Section Property</returns>
        </member>
        <member name="M:DynamoSAP.Structure.SectionProp.Decompose(DynamoSAP.Structure.SectionProp)">
            <summary>
            Decompose a Section Property
            </summary>
            <param name="SectProp">Section Property to decompose</param>
            <returns>Name, Material, Catalog</returns>
        </member>
    </members>
</doc>
